gene_symbol,cluster,,,,,,,,,,,,,,,,,,,,,,,,
Gm4258,Down Early,,,,,,,,,,,,,,,,,,,,,,,,
Rabgap1l,Down Early,,,,,,,,,,,,,,,,,,,,,,,,
Cd84,Down Early,,,,,,,,,,,,,,,,,,,,,,,,
Nr6a1os,Down Early,,,,,,,,,,,,,,,,,,,,,,,,
Fnbp1l,Down Early,,,,,,,,,,,,,,,,,,,,,,,,
Auts2,Down Early,,,,,,,,,,,,,,,,,,,,,,,,
Cped1,Down Early,,,,,,,,,,,,,,,,,,,,,,,,
H1fx,Down Early,,,,,,,,,,,,,,,,,,,,,,,,
Cd163,Down Early,,,,,,,,,,,,,,,,,,,,,,,,
Gdpd3,Down Early,,,,,,,,,,,,,,,,,,,,,,,,
Ccnd1,Down Early,,,,,,,,,,,,,,,,,,,,,,,,
Il15,Down Early,,,,,,,,,,,,,,,,,,,,,,,,
Rhobtb1,Down Early,,,,,,,,,,,,,,,,,,,,,,,,
Dusp6,Down Early,,,,,,,,,,,,,,,,,,,,,,,,
Cuedc1,Down Early,,,,,,,,,,,,,,,,,,,,,,,,
1110002L01Rik,Down Early,,,,,,,,,,,,,,,,,,,,,,,,
Cd180,Down Early,,,,,,,,,,,,,,,,,,,,,,,,
H2-Q7,Down Early,,,,,,,,,,,,,,,,,,,,,,,,
Ptprm,Down Early,,,,,,,,,,,,,,,,,,,,,,,,
Nrxn1,Down Early,,,,,,,,,,,,,,,,,,,,,,,,
Mc5r,Down Early,,,,,,,,,,,,,,,,,,,,,,,,
Tle4,Down Early,,,,,,,,,,,,,,,,,,,,,,,,
Prkg1,Down Early,,,,,,,,,,,,,,,,,,,,,,,,
Fgf13,Down Early,,,,,,,,,,,,,,,,,,,,,,,,
Sytl4,Down Early,,,,,,,,,,,,,,,,,,,,,,,,
Stat4,Down Early,,,,,,,,,,,,,,,,,,,,,,,,
Fam117b,Down Early,,,,,,,,,,,,,,,,,,,,,,,,
Kansl1l,Down Early,,,,,,,,,,,,,,,,,,,,,,,,
Ikzf2,Down Early,,,,,,,,,,,,,,,,,,,,,,,,
Dock10,Down Early,,,,,,,,,,,,,,,,,,,,,,,,
Sp100,Down Early,,,,,,,,,,,,,,,,,,,,,,,,
Gm28403,Down Early,,,,,,,,,,,,,,,,,,,,,,,,
Ctse,Down Early,,,,,,,,,,,,,,,,,,,,,,,,
Kdm5b,Down Early,,,,,,,,,,,,,,,,,,,,,,,,
Gas5,Down Early,,,,,,,,,,,,,,,,,,,,,,,,
Rcsd1,Down Early,,,,,,,,,,,,,,,,,,,,,,,,
Akt3,Down Early,,,,,,,,,,,,,,,,,,,,,,,,
Echdc3,Down Early,,,,,,,,,,,,,,,,,,,,,,,,
Sh2d3c,Down Early,,,,,,,,,,,,,,,,,,,,,,,,
Arhgap15,Down Early,,,,,,,,,,,,,,,,,,,,,,,,
Phf21a,Down Early,,,,,,,,,,,,,,,,,,,,,,,,
4930402H24Rik,Down Early,,,,,,,,,,,,,,,,,,,,,,,,
Chd6,Down Early,,,,,,,,,,,,,,,,,,,,,,,,
Tnik,Down Early,,,,,,,,,,,,,,,,,,,,,,,,
Maml3,Down Early,,,,,,,,,,,,,,,,,,,,,,,,
Txnip,Down Early,,,,,,,,,,,,,,,,,,,,,,,,
Dapp1,Down Early,,,,,,,,,,,,,,,,,,,,,,,,
Adgrl4,Down Early,,,,,,,,,,,,,,,,,,,,,,,,
Pnisr,Down Early,,,,,,,,,,,,,,,,,,,,,,,,
Pde4b,Down Early,,,,,,,,,,,,,,,,,,,,,,,,
Tut4,Down Early,,,,,,,,,,,,,,,,,,,,,,,,
Mxd4,Down Early,,,,,,,,,,,,,,,,,,,,,,,,
Gm16599,Down Early,,,,,,,,,,,,,,,,,,,,,,,,
Phf14,Down Early,,,,,,,,,,,,,,,,,,,,,,,,
Zfp800,Down Early,,,,,,,,,,,,,,,,,,,,,,,,
Camk1,Down Early,,,,,,,,,,,,,,,,,,,,,,,,
Gm44148,Down Early,,,,,,,,,,,,,,,,,,,,,,,,
Clec2d,Down Early,,,,,,,,,,,,,,,,,,,,,,,,
2310001H17Rik,Down Early,,,,,,,,,,,,,,,,,,,,,,,,
Atf7ip,Down Early,,,,,,,,,,,,,,,,,,,,,,,,
Selenow,Down Early,,,,,,,,,,,,,,,,,,,,,,,,
Igf1r,Down Early,,,,,,,,,,,,,,,,,,,,,,,,
Chd2,Down Early,,,,,,,,,,,,,,,,,,,,,,,,
Arhgap17,Down Early,,,,,,,,,,,,,,,,,,,,,,,,
Insr,Down Early,,,,,,,,,,,,,,,,,,,,,,,,
Arhgef18,Down Early,,,,,,,,,,,,,,,,,,,,,,,,
Fut10,Down Early,,,,,,,,,,,,,,,,,,,,,,,,
Chd9,Down Early,,,,,,,,,,,,,,,,,,,,,,,,
Cwf19l2,Down Early,,,,,,,,,,,,,,,,,,,,,,,,
Cep126,Down Early,,,,,,,,,,,,,,,,,,,,,,,,
Maml2,Down Early,,,,,,,,,,,,,,,,,,,,,,,,
Ubash3b,Down Early,,,,,,,,,,,,,,,,,,,,,,,,
Hmg20a,Down Early,,,,,,,,,,,,,,,,,,,,,,,,
Smad3,Down Early,,,,,,,,,,,,,,,,,,,,,,,,
Csnk1g1,Down Early,,,,,,,,,,,,,,,,,,,,,,,,
Lrrc1,Down Early,,,,,,,,,,,,,,,,,,,,,,,,
Tfdp2,Down Early,,,,,,,,,,,,,,,,,,,,,,,,
Ip6k1,Down Early,,,,,,,,,,,,,,,,,,,,,,,,
Esr1,Down Early,,,,,,,,,,,,,,,,,,,,,,,,
Ncoa7,Down Early,,,,,,,,,,,,,,,,,,,,,,,,
Marcks,Down Early,,,,,,,,,,,,,,,,,,,,,,,,
Traf3ip2,Down Early,,,,,,,,,,,,,,,,,,,,,,,,
Cdk19,Down Early,,,,,,,,,,,,,,,,,,,,,,,,
Cdk17,Down Early,,,,,,,,,,,,,,,,,,,,,,,,
Ppp1r12a,Down Early,,,,,,,,,,,,,,,,,,,,,,,,
Spred2,Down Early,,,,,,,,,,,,,,,,,,,,,,,,
Gm12216,Down Early,,,,,,,,,,,,,,,,,,,,,,,,
Fnip1,Down Early,,,,,,,,,,,,,,,,,,,,,,,,
Atp2a3,Down Early,,,,,,,,,,,,,,,,,,,,,,,,
Rffl,Down Early,,,,,,,,,,,,,,,,,,,,,,,,
Bcas3,Down Early,,,,,,,,,,,,,,,,,,,,,,,,
Tnrc6c,Down Early,,,,,,,,,,,,,,,,,,,,,,,,
Fam228b,Down Early,,,,,,,,,,,,,,,,,,,,,,,,
Pik3cg,Down Early,,,,,,,,,,,,,,,,,,,,,,,,
Heatr5a,Down Early,,,,,,,,,,,,,,,,,,,,,,,,
Sugct,Down Early,,,,,,,,,,,,,,,,,,,,,,,,
Ripor2,Down Early,,,,,,,,,,,,,,,,,,,,,,,,
Rreb1,Down Early,,,,,,,,,,,,,,,,,,,,,,,,
Jarid2,Down Early,,,,,,,,,,,,,,,,,,,,,,,,
6720427I07Rik,Down Early,,,,,,,,,,,,,,,,,,,,,,,,
Mctp1,Down Early,,,,,,,,,,,,,,,,,,,,,,,,
Erbin,Down Early,,,,,,,,,,,,,,,,,,,,,,,,
Slc38a9,Down Early,,,,,,,,,,,,,,,,,,,,,,,,
Fhit,Down Early,,,,,,,,,,,,,,,,,,,,,,,,
Lrmda,Down Early,,,,,,,,,,,,,,,,,,,,,,,,
Zmiz1,Down Early,,,,,,,,,,,,,,,,,,,,,,,,
Zdhhc20,Down Early,,,,,,,,,,,,,,,,,,,,,,,,
Dach1,Down Early,,,,,,,,,,,,,,,,,,,,,,,,
Tfcp2,Down Early,,,,,,,,,,,,,,,,,,,,,,,,
Fgd4,Down Early,,,,,,,,,,,,,,,,,,,,,,,,
Zbtb20,Down Early,,,,,,,,,,,,,,,,,,,,,,,,
Alcam,Down Early,,,,,,,,,,,,,,,,,,,,,,,,
Nrip1,Down Early,,,,,,,,,,,,,,,,,,,,,,,,
Mir99ahg,Down Early,,,,,,,,,,,,,,,,,,,,,,,,
Erg,Down Early,,,,,,,,,,,,,,,,,,,,,,,,
Tiam2,Down Early,,,,,,,,,,,,,,,,,,,,,,,,
Prkn,Down Early,,,,,,,,,,,,,,,,,,,,,,,,
H2-Q6,Down Early,,,,,,,,,,,,,,,,,,,,,,,,
Haao,Down Early,,,,,,,,,,,,,,,,,,,,,,,,
Socs5,Down Early,,,,,,,,,,,,,,,,,,,,,,,,
Kctd1,Down Early,,,,,,,,,,,,,,,,,,,,,,,,
4933424G05Rik,Down Early,,,,,,,,,,,,,,,,,,,,,,,,
Zfp608,Down Early,,,,,,,,,,,,,,,,,,,,,,,,
Nedd4l,Down Early,,,,,,,,,,,,,,,,,,,,,,,,
Ldlrad4,Down Early,,,,,,,,,,,,,,,,,,,,,,,,
Malat1,Down Early,,,,,,,,,,,,,,,,,,,,,,,,
Gnaq,Down Early,,,,,,,,,,,,,,,,,,,,,,,,
Nt5c2,Down Early,,,,,,,,,,,,,,,,,,,,,,,,
Tcf7l2,Down Early,,,,,,,,,,,,,,,,,,,,,,,,
Usp11,Down Early,,,,,,,,,,,,,,,,,,,,,,,,
Ogt,Down Early,,,,,,,,,,,,,,,,,,,,,,,,
Xist,Down Early,,,,,,,,,,,,,,,,,,,,,,,,
Jpx,Down Early,,,,,,,,,,,,,,,,,,,,,,,,
Tsc22d3,Down Early,,,,,,,,,,,,,,,,,,,,,,,,
Als2,Down Early,,,,,,,,,,,,,,,,,,,,,,,,
Atp2b4,Down Early,,,,,,,,,,,,,,,,,,,,,,,,
Itih5,Down Early,,,,,,,,,,,,,,,,,,,,,,,,
Dnmt3b,Down Early,,,,,,,,,,,,,,,,,,,,,,,,
Car2,Down Early,,,,,,,,,,,,,,,,,,,,,,,,
Pde5a,Down Early,,,,,,,,,,,,,,,,,,,,,,,,
Synpo2,Down Early,,,,,,,,,,,,,,,,,,,,,,,,
Adgrl2,Down Early,,,,,,,,,,,,,,,,,,,,,,,,
Tox,Down Early,,,,,,,,,,,,,,,,,,,,,,,,
Gem,Down Early,,,,,,,,,,,,,,,,,,,,,,,,
Pcdh7,Down Early,,,,,,,,,,,,,,,,,,,,,,,,
Pf4,Down Early,,,,,,,,,,,,,,,,,,,,,,,,
Osbpl3,Down Early,,,,,,,,,,,,,,,,,,,,,,,,
Trpc6,Down Early,,,,,,,,,,,,,,,,,,,,,,,,
Pgr,Down Early,,,,,,,,,,,,,,,,,,,,,,,,
Plek,Down Early,,,,,,,,,,,,,,,,,,,,,,,,
Vezf1,Down Early,,,,,,,,,,,,,,,,,,,,,,,,
Hist1h2bc,Down Early,,,,,,,,,,,,,,,,,,,,,,,,
Mtdh,Down Early,,,,,,,,,,,,,,,,,,,,,,,,
Angpt1,Down Early,,,,,,,,,,,,,,,,,,,,,,,,
Slc22a3,Down Early,,,,,,,,,,,,,,,,,,,,,,,,
H2-Aa,Down Early,,,,,,,,,,,,,,,,,,,,,,,,
H2-Q4,Down Early,,,,,,,,,,,,,,,,,,,,,,,,
Cd74,Down Early,,,,,,,,,,,,,,,,,,,,,,,,
Il1rapl2,Down Early,,,,,,,,,,,,,,,,,,,,,,,,
Bclaf3,Down Early,,,,,,,,,,,,,,,,,,,,,,,,
Rb1cc1,Down Early,,,,,,,,,,,,,,,,,,,,,,,,
Gulp1,Down Early,,,,,,,,,,,,,,,,,,,,,,,,
Gm26936,Down Early,,,,,,,,,,,,,,,,,,,,,,,,
Rgs18,Down Early,,,,,,,,,,,,,,,,,,,,,,,,
Itln1,Down Early,,,,,,,,,,,,,,,,,,,,,,,,
Olfr417,Down Early,,,,,,,,,,,,,,,,,,,,,,,,
Itpkb,Down Early,,,,,,,,,,,,,,,,,,,,,,,,
Gfi1b,Down Early,,,,,,,,,,,,,,,,,,,,,,,,
B3galt1,Down Early,,,,,,,,,,,,,,,,,,,,,,,,
Zc3h6,Down Early,,,,,,,,,,,,,,,,,,,,,,,,
Slc9a8,Down Early,,,,,,,,,,,,,,,,,,,,,,,,
C030034L19Rik,Down Early,,,,,,,,,,,,,,,,,,,,,,,,
Mef2d,Down Early,,,,,,,,,,,,,,,,,,,,,,,,
AI504432,Down Early,,,,,,,,,,,,,,,,,,,,,,,,
Cdc14a,Down Early,,,,,,,,,,,,,,,,,,,,,,,,
Triqk,Down Early,,,,,,,,,,,,,,,,,,,,,,,,
Reck,Down Early,,,,,,,,,,,,,,,,,,,,,,,,
Susd1,Down Early,,,,,,,,,,,,,,,,,,,,,,,,
Snx30,Down Early,,,,,,,,,,,,,,,,,,,,,,,,
Atg4c,Down Early,,,,,,,,,,,,,,,,,,,,,,,,
Agbl4,Down Early,,,,,,,,,,,,,,,,,,,,,,,,
Atp13a2,Down Early,,,,,,,,,,,,,,,,,,,,,,,,
Magi2,Down Early,,,,,,,,,,,,,,,,,,,,,,,,
Kit,Down Early,,,,,,,,,,,,,,,,,,,,,,,,
Stap1,Down Early,,,,,,,,,,,,,,,,,,,,,,,,
Pigg,Down Early,,,,,,,,,,,,,,,,,,,,,,,,
Git2,Down Early,,,,,,,,,,,,,,,,,,,,,,,,
P2rx4,Down Early,,,,,,,,,,,,,,,,,,,,,,,,
Gtf2ird2,Down Early,,,,,,,,,,,,,,,,,,,,,,,,
Trim24,Down Early,,,,,,,,,,,,,,,,,,,,,,,,
Zyx,Down Early,,,,,,,,,,,,,,,,,,,,,,,,
Gata2,Down Early,,,,,,,,,,,,,,,,,,,,,,,,
Srgap3,Down Early,,,,,,,,,,,,,,,,,,,,,,,,
Cmas,Down Early,,,,,,,,,,,,,,,,,,,,,,,,
Amn1,Down Early,,,,,,,,,,,,,,,,,,,,,,,,
Dmwd,Down Early,,,,,,,,,,,,,,,,,,,,,,,,
Eml2,Down Early,,,,,,,,,,,,,,,,,,,,,,,,
Apoe,Down Early,,,,,,,,,,,,,,,,,,,,,,,,
Hdgfl3,Down Early,,,,,,,,,,,,,,,,,,,,,,,,
1700012D14Rik,Down Early,,,,,,,,,,,,,,,,,,,,,,,,
Sox6,Down Early,,,,,,,,,,,,,,,,,,,,,,,,
Zfp827,Down Early,,,,,,,,,,,,,,,,,,,,,,,,
Adgrg1,Down Early,,,,,,,,,,,,,,,,,,,,,,,,
Ripor1,Down Early,,,,,,,,,,,,,,,,,,,,,,,,
Dync2h1,Down Early,,,,,,,,,,,,,,,,,,,,,,,,
Ptpn9,Down Early,,,,,,,,,,,,,,,,,,,,,,,,
Mindy2,Down Early,,,,,,,,,,,,,,,,,,,,,,,,
Nedd4,Down Early,,,,,,,,,,,,,,,,,,,,,,,,
Myct1,Down Early,,,,,,,,,,,,,,,,,,,,,,,,
Bcr,Down Early,,,,,,,,,,,,,,,,,,,,,,,,
Cirbp,Down Early,,,,,,,,,,,,,,,,,,,,,,,,
Slc6a15,Down Early,,,,,,,,,,,,,,,,,,,,,,,,
4930471E19Rik,Down Early,,,,,,,,,,,,,,,,,,,,,,,,
Nsg2,Down Early,,,,,,,,,,,,,,,,,,,,,,,,
Olfr56,Down Early,,,,,,,,,,,,,,,,,,,,,,,,
Aspa,Down Early,,,,,,,,,,,,,,,,,,,,,,,,
Hlf,Down Early,,,,,,,,,,,,,,,,,,,,,,,,
Rab37,Down Early,,,,,,,,,,,,,,,,,,,,,,,,
Smim5,Down Early,,,,,,,,,,,,,,,,,,,,,,,,
Asap2,Down Early,,,,,,,,,,,,,,,,,,,,,,,,
Rnf144a,Down Early,,,,,,,,,,,,,,,,,,,,,,,,
Agmo,Down Early,,,,,,,,,,,,,,,,,,,,,,,,
Dpf3,Down Early,,,,,,,,,,,,,,,,,,,,,,,,
A730081D07Rik,Down Early,,,,,,,,,,,,,,,,,,,,,,,,
Syk,Down Early,,,,,,,,,,,,,,,,,,,,,,,,
Tmem260,Down Early,,,,,,,,,,,,,,,,,,,,,,,,
Zfp395,Down Early,,,,,,,,,,,,,,,,,,,,,,,,
Ccdc122,Down Early,,,,,,,,,,,,,,,,,,,,,,,,
Rnf19a,Down Early,,,,,,,,,,,,,,,,,,,,,,,,
Gm17473,Down Early,,,,,,,,,,,,,,,,,,,,,,,,
St3gal1,Down Early,,,,,,,,,,,,,,,,,,,,,,,,
Khdrbs3,Down Early,,,,,,,,,,,,,,,,,,,,,,,,
Mettl7a1,Down Early,,,,,,,,,,,,,,,,,,,,,,,,
Klhl24,Down Early,,,,,,,,,,,,,,,,,,,,,,,,
Etv5,Down Early,,,,,,,,,,,,,,,,,,,,,,,,
Cep97,Down Early,,,,,,,,,,,,,,,,,,,,,,,,
Mdga1,Down Early,,,,,,,,,,,,,,,,,,,,,,,,
Gm16758,Down Early,,,,,,,,,,,,,,,,,,,,,,,,
Dnah8,Down Early,,,,,,,,,,,,,,,,,,,,,,,,
H2-Ab1,Down Early,,,,,,,,,,,,,,,,,,,,,,,,
Myom1,Down Early,,,,,,,,,,,,,,,,,,,,,,,,
Slc14a1,Down Early,,,,,,,,,,,,,,,,,,,,,,,,
Gm14964,Down Early,,,,,,,,,,,,,,,,,,,,,,,,
Zc3h12b,Down Early,,,,,,,,,,,,,,,,,,,,,,,,
Dach2,Down Early,,,,,,,,,,,,,,,,,,,,,,,,
Gm15261,Down Early,,,,,,,,,,,,,,,,,,,,,,,,
Plekhm3,Down Early,,,,,,,,,,,,,,,,,,,,,,,,
Ro60,Down Early,,,,,,,,,,,,,,,,,,,,,,,,
Baz2b,Down Early,,,,,,,,,,,,,,,,,,,,,,,,
Casc4,Down Early,,,,,,,,,,,,,,,,,,,,,,,,
S100a10,Down Early,,,,,,,,,,,,,,,,,,,,,,,,
Gm12353,Down Early,,,,,,,,,,,,,,,,,,,,,,,,
Wdtc1,Down Early,,,,,,,,,,,,,,,,,,,,,,,,
Il16,Down Early,,,,,,,,,,,,,,,,,,,,,,,,
Nlrc5,Down Early,,,,,,,,,,,,,,,,,,,,,,,,
Zfp90,Down Early,,,,,,,,,,,,,,,,,,,,,,,,
Zup1,Down Early,,,,,,,,,,,,,,,,,,,,,,,,
Pcbp3,Down Early,,,,,,,,,,,,,,,,,,,,,,,,
Gm12592,Down Early,,,,,,,,,,,,,,,,,,,,,,,,
Ccdc88a,Down Early,,,,,,,,,,,,,,,,,,,,,,,,
Gm26542,Down Early,,,,,,,,,,,,,,,,,,,,,,,,
Irf9,Down Early,,,,,,,,,,,,,,,,,,,,,,,,
Retreg1,Down Early,,,,,,,,,,,,,,,,,,,,,,,,
Gm36738,Down Early,,,,,,,,,,,,,,,,,,,,,,,,
Nfe2,Down Early,,,,,,,,,,,,,,,,,,,,,,,,
Gm3448,Down Early,,,,,,,,,,,,,,,,,,,,,,,,
Akap8l,Down Early,,,,,,,,,,,,,,,,,,,,,,,,
Asah2,Down Early,,,,,,,,,,,,,,,,,,,,,,,,
Rab11fip2,Down Early,,,,,,,,,,,,,,,,,,,,,,,,
Dock11,Down Early,,,,,,,,,,,,,,,,,,,,,,,,
Tsix,Down Early,,,,,,,,,,,,,,,,,,,,,,,,
Bex4,Down Early,,,,,,,,,,,,,,,,,,,,,,,,
Fcgr3,Down Intermediate,,,,,,,,,,,,,,,,,,,,,,,,
Hdc,Down Intermediate,,,,,,,,,,,,,,,,,,,,,,,,
Gng12,Down Intermediate,,,,,,,,,,,,,,,,,,,,,,,,
Clec12a,Down Intermediate,,,,,,,,,,,,,,,,,,,,,,,,
Ncam1,Down Intermediate,,,,,,,,,,,,,,,,,,,,,,,,
Tent5a,Down Intermediate,,,,,,,,,,,,,,,,,,,,,,,,
Tspoap1,Down Intermediate,,,,,,,,,,,,,,,,,,,,,,,,
Tifab,Down Intermediate,,,,,,,,,,,,,,,,,,,,,,,,
Cebpe,Down Intermediate,,,,,,,,,,,,,,,,,,,,,,,,
Cdc42ep3,Down Intermediate,,,,,,,,,,,,,,,,,,,,,,,,
Phka2,Down Intermediate,,,,,,,,,,,,,,,,,,,,,,,,
Tmsb4x,Down Intermediate,,,,,,,,,,,,,,,,,,,,,,,,
Cpa6,Down Intermediate,,,,,,,,,,,,,,,,,,,,,,,,
Ramp1,Down Intermediate,,,,,,,,,,,,,,,,,,,,,,,,
Atp1b1,Down Intermediate,,,,,,,,,,,,,,,,,,,,,,,,
Lamb3,Down Intermediate,,,,,,,,,,,,,,,,,,,,,,,,
Fam107b,Down Intermediate,,,,,,,,,,,,,,,,,,,,,,,,
Atp8b4,Down Intermediate,,,,,,,,,,,,,,,,,,,,,,,,
Gpr160,Down Intermediate,,,,,,,,,,,,,,,,,,,,,,,,
Kcnab1,Down Intermediate,,,,,,,,,,,,,,,,,,,,,,,,
Tspan2,Down Intermediate,,,,,,,,,,,,,,,,,,,,,,,,
Agl,Down Intermediate,,,,,,,,,,,,,,,,,,,,,,,,
Tifa,Down Intermediate,,,,,,,,,,,,,,,,,,,,,,,,
Ppp3ca,Down Intermediate,,,,,,,,,,,,,,,,,,,,,,,,
Gm30382,Down Intermediate,,,,,,,,,,,,,,,,,,,,,,,,
1700047F07Rik,Down Intermediate,,,,,,,,,,,,,,,,,,,,,,,,
Cd52,Down Intermediate,,,,,,,,,,,,,,,,,,,,,,,,
Hp1bp3,Down Intermediate,,,,,,,,,,,,,,,,,,,,,,,,
Per3,Down Intermediate,,,,,,,,,,,,,,,,,,,,,,,,
C1qtnf12,Down Intermediate,,,,,,,,,,,,,,,,,,,,,,,,
Hsd17b11,Down Intermediate,,,,,,,,,,,,,,,,,,,,,,,,
Reep1,Down Intermediate,,,,,,,,,,,,,,,,,,,,,,,,
Gm45051,Down Intermediate,,,,,,,,,,,,,,,,,,,,,,,,
1810044D09Rik,Down Intermediate,,,,,,,,,,,,,,,,,,,,,,,,
Xpc,Down Intermediate,,,,,,,,,,,,,,,,,,,,,,,,
Clec4a2,Down Intermediate,,,,,,,,,,,,,,,,,,,,,,,,
Olr1,Down Intermediate,,,,,,,,,,,,,,,,,,,,,,,,
Far2,Down Intermediate,,,,,,,,,,,,,,,,,,,,,,,,
Pglyrp1,Down Intermediate,,,,,,,,,,,,,,,,,,,,,,,,
Ckm,Down Intermediate,,,,,,,,,,,,,,,,,,,,,,,,
Tyrobp,Down Intermediate,,,,,,,,,,,,,,,,,,,,,,,,
Zfp141,Down Intermediate,,,,,,,,,,,,,,,,,,,,,,,,
Svip,Down Intermediate,,,,,,,,,,,,,,,,,,,,,,,,
Isg20,Down Intermediate,,,,,,,,,,,,,,,,,,,,,,,,
Prkcb,Down Intermediate,,,,,,,,,,,,,,,,,,,,,,,,
Gsr,Down Intermediate,,,,,,,,,,,,,,,,,,,,,,,,
Phkb,Down Intermediate,,,,,,,,,,,,,,,,,,,,,,,,
Ets1,Down Intermediate,,,,,,,,,,,,,,,,,,,,,,,,
Pts,Down Intermediate,,,,,,,,,,,,,,,,,,,,,,,,
Ctsh,Down Intermediate,,,,,,,,,,,,,,,,,,,,,,,,
Rasa2,Down Intermediate,,,,,,,,,,,,,,,,,,,,,,,,
Pxylp1,Down Intermediate,,,,,,,,,,,,,,,,,,,,,,,,
Syne1,Down Intermediate,,,,,,,,,,,,,,,,,,,,,,,,
Cited2,Down Intermediate,,,,,,,,,,,,,,,,,,,,,,,,
Ifngr1,Down Intermediate,,,,,,,,,,,,,,,,,,,,,,,,
Mcu,Down Intermediate,,,,,,,,,,,,,,,,,,,,,,,,
Micu1,Down Intermediate,,,,,,,,,,,,,,,,,,,,,,,,
Gstt2,Down Intermediate,,,,,,,,,,,,,,,,,,,,,,,,
Trappc10,Down Intermediate,,,,,,,,,,,,,,,,,,,,,,,,
Cnn2,Down Intermediate,,,,,,,,,,,,,,,,,,,,,,,,
Rab5b,Down Intermediate,,,,,,,,,,,,,,,,,,,,,,,,
Mmp28,Down Intermediate,,,,,,,,,,,,,,,,,,,,,,,,
Npas3,Down Intermediate,,,,,,,,,,,,,,,,,,,,,,,,
Nfkbia,Down Intermediate,,,,,,,,,,,,,,,,,,,,,,,,
Eml5,Down Intermediate,,,,,,,,,,,,,,,,,,,,,,,,
Dsp,Down Intermediate,,,,,,,,,,,,,,,,,,,,,,,,
Hk3,Down Intermediate,,,,,,,,,,,,,,,,,,,,,,,,
Arsb,Down Intermediate,,,,,,,,,,,,,,,,,,,,,,,,
Serf1,Down Intermediate,,,,,,,,,,,,,,,,,,,,,,,,
Gm21188,Down Intermediate,,,,,,,,,,,,,,,,,,,,,,,,
Ltb4r1,Down Intermediate,,,,,,,,,,,,,,,,,,,,,,,,
Bnip3l,Down Intermediate,,,,,,,,,,,,,,,,,,,,,,,,
Sdc2,Down Intermediate,,,,,,,,,,,,,,,,,,,,,,,,
Sun2,Down Intermediate,,,,,,,,,,,,,,,,,,,,,,,,
Tiam1,Down Intermediate,,,,,,,,,,,,,,,,,,,,,,,,
Rps6ka2,Down Intermediate,,,,,,,,,,,,,,,,,,,,,,,,
Gm1604a,Down Intermediate,,,,,,,,,,,,,,,,,,,,,,,,
Rab44,Down Intermediate,,,,,,,,,,,,,,,,,,,,,,,,
Sncaip,Down Intermediate,,,,,,,,,,,,,,,,,,,,,,,,
Unc93b1,Down Intermediate,,,,,,,,,,,,,,,,,,,,,,,,
Rasgrp2,Down Intermediate,,,,,,,,,,,,,,,,,,,,,,,,
Sapcd2,Down Intermediate,,,,,,,,,,,,,,,,,,,,,,,,
Ints8,Down Intermediate,,,,,,,,,,,,,,,,,,,,,,,,
Mlec,Down Intermediate,,,,,,,,,,,,,,,,,,,,,,,,
Ndufa4,Down Intermediate,,,,,,,,,,,,,,,,,,,,,,,,
Tuba8,Down Intermediate,,,,,,,,,,,,,,,,,,,,,,,,
Arhgap10,Down Intermediate,,,,,,,,,,,,,,,,,,,,,,,,
Cenpw,Down Intermediate,,,,,,,,,,,,,,,,,,,,,,,,
Mpo,Down Intermediate,,,,,,,,,,,,,,,,,,,,,,,,
Nedd9,Down Intermediate,,,,,,,,,,,,,,,,,,,,,,,,
H2-K1,Down Intermediate,,,,,,,,,,,,,,,,,,,,,,,,
Ube2w,Down Intermediate,,,,,,,,,,,,,,,,,,,,,,,,
Anxa5,Down Intermediate,,,,,,,,,,,,,,,,,,,,,,,,
Sec24d,Down Intermediate,,,,,,,,,,,,,,,,,,,,,,,,
Zfp462,Down Intermediate,,,,,,,,,,,,,,,,,,,,,,,,
Pi4k2b,Down Intermediate,,,,,,,,,,,,,,,,,,,,,,,,
Tfec,Down Intermediate,,,,,,,,,,,,,,,,,,,,,,,,
Zfp110,Down Intermediate,,,,,,,,,,,,,,,,,,,,,,,,
Stxbp2,Down Intermediate,,,,,,,,,,,,,,,,,,,,,,,,
Filip1,Down Intermediate,,,,,,,,,,,,,,,,,,,,,,,,
Mapkapk3,Down Intermediate,,,,,,,,,,,,,,,,,,,,,,,,
Smpdl3a,Down Intermediate,,,,,,,,,,,,,,,,,,,,,,,,
Limk2,Down Intermediate,,,,,,,,,,,,,,,,,,,,,,,,
Icam2,Down Intermediate,,,,,,,,,,,,,,,,,,,,,,,,
Slc16a6,Down Intermediate,,,,,,,,,,,,,,,,,,,,,,,,
Bphl,Down Intermediate,,,,,,,,,,,,,,,,,,,,,,,,
Chdh,Down Intermediate,,,,,,,,,,,,,,,,,,,,,,,,
Ncoa4,Down Intermediate,,,,,,,,,,,,,,,,,,,,,,,,
Ctsg,Down Intermediate,,,,,,,,,,,,,,,,,,,,,,,,
Tg,Down Intermediate,,,,,,,,,,,,,,,,,,,,,,,,
Ly6c2,Down Intermediate,,,,,,,,,,,,,,,,,,,,,,,,
Triobp,Down Intermediate,,,,,,,,,,,,,,,,,,,,,,,,
1700010I14Rik,Down Intermediate,,,,,,,,,,,,,,,,,,,,,,,,
Ebi3,Down Intermediate,,,,,,,,,,,,,,,,,,,,,,,,
Rnf125,Down Intermediate,,,,,,,,,,,,,,,,,,,,,,,,
F630028O10Rik,Down Intermediate,,,,,,,,,,,,,,,,,,,,,,,,
Lpl,Down Intermediate,,,,,,,,,,,,,,,,,,,,,,,,
H2afx,Down Intermediate,,,,,,,,,,,,,,,,,,,,,,,,
Gm11944,Down Intermediate,,,,,,,,,,,,,,,,,,,,,,,,
Thra,Down Intermediate,,,,,,,,,,,,,,,,,,,,,,,,
Psmb9,Down Intermediate,,,,,,,,,,,,,,,,,,,,,,,,
H2-D1,Down Intermediate,,,,,,,,,,,,,,,,,,,,,,,,
Ap1s2,Down Intermediate,,,,,,,,,,,,,,,,,,,,,,,,
Fcer1g,Down Late,,,,,,,,,,,,,,,,,,,,,,,,
Cpa3,Down Late,,,,,,,,,,,,,,,,,,,,,,,,
4930519L02Rik,Down Late,,,,,,,,,,,,,,,,,,,,,,,,
Igfbp7,Down Late,,,,,,,,,,,,,,,,,,,,,,,,
Ccnd2,Down Late,,,,,,,,,,,,,,,,,,,,,,,,
Bpifc,Down Late,,,,,,,,,,,,,,,,,,,,,,,,
Glipr1,Down Late,,,,,,,,,,,,,,,,,,,,,,,,
Atp6v0a1,Down Late,,,,,,,,,,,,,,,,,,,,,,,,
Adam17,Down Late,,,,,,,,,,,,,,,,,,,,,,,,
Sntb1,Down Late,,,,,,,,,,,,,,,,,,,,,,,,
Gm2629,Down Late,,,,,,,,,,,,,,,,,,,,,,,,
Ino80dos,Down Late,,,,,,,,,,,,,,,,,,,,,,,,
Gm20342,Down Late,,,,,,,,,,,,,,,,,,,,,,,,
Dgkd,Down Late,,,,,,,,,,,,,,,,,,,,,,,,
Cenpf,Down Late,,,,,,,,,,,,,,,,,,,,,,,,
Vim,Down Late,,,,,,,,,,,,,,,,,,,,,,,,
Gm10762,Down Late,,,,,,,,,,,,,,,,,,,,,,,,
Cd93,Down Late,,,,,,,,,,,,,,,,,,,,,,,,
Cd53,Down Late,,,,,,,,,,,,,,,,,,,,,,,,
Vav3,Down Late,,,,,,,,,,,,,,,,,,,,,,,,
Cnn3,Down Late,,,,,,,,,,,,,,,,,,,,,,,,
Plekhn1,Down Late,,,,,,,,,,,,,,,,,,,,,,,,
Srpk2,Down Late,,,,,,,,,,,,,,,,,,,,,,,,
Hipk2,Down Late,,,,,,,,,,,,,,,,,,,,,,,,
Gm38825,Down Late,,,,,,,,,,,,,,,,,,,,,,,,
Zfp580,Down Late,,,,,,,,,,,,,,,,,,,,,,,,
Xylt1,Down Late,,,,,,,,,,,,,,,,,,,,,,,,
AA386476,Down Late,,,,,,,,,,,,,,,,,,,,,,,,
Mast3,Down Late,,,,,,,,,,,,,,,,,,,,,,,,
Man2b1,Down Late,,,,,,,,,,,,,,,,,,,,,,,,
Gnpat,Down Late,,,,,,,,,,,,,,,,,,,,,,,,
Zbtb16,Down Late,,,,,,,,,,,,,,,,,,,,,,,,
Btg1,Down Late,,,,,,,,,,,,,,,,,,,,,,,,
Arhgap9,Down Late,,,,,,,,,,,,,,,,,,,,,,,,
Eldr,Down Late,,,,,,,,,,,,,,,,,,,,,,,,
Plscr3,Down Late,,,,,,,,,,,,,,,,,,,,,,,,
Ern1,Down Late,,,,,,,,,,,,,,,,,,,,,,,,
Tex2,Down Late,,,,,,,,,,,,,,,,,,,,,,,,
Cd300lb,Down Late,,,,,,,,,,,,,,,,,,,,,,,,
Tmem229b,Down Late,,,,,,,,,,,,,,,,,,,,,,,,
Pcnx,Down Late,,,,,,,,,,,,,,,,,,,,,,,,
Crip1,Down Late,,,,,,,,,,,,,,,,,,,,,,,,
Ly86,Down Late,,,,,,,,,,,,,,,,,,,,,,,,
Il17rb,Down Late,,,,,,,,,,,,,,,,,,,,,,,,
5730414N17Rik,Down Late,,,,,,,,,,,,,,,,,,,,,,,,
1700097N02Rik,Down Late,,,,,,,,,,,,,,,,,,,,,,,,
Mapre2,Down Late,,,,,,,,,,,,,,,,,,,,,,,,
Macrod1,Down Late,,,,,,,,,,,,,,,,,,,,,,,,
Bcl2,Down Late,,,,,,,,,,,,,,,,,,,,,,,,
Lpar1,Down Late,,,,,,,,,,,,,,,,,,,,,,,,
Arap2,Down Late,,,,,,,,,,,,,,,,,,,,,,,,
Slc16a10,Down Late,,,,,,,,,,,,,,,,,,,,,,,,
Prkar2b,Down Late,,,,,,,,,,,,,,,,,,,,,,,,
Oxct1,Down Late,,,,,,,,,,,,,,,,,,,,,,,,
Gna14,Down Late,,,,,,,,,,,,,,,,,,,,,,,,
Nr4a2,Down Late,,,,,,,,,,,,,,,,,,,,,,,,
Il12a,Down Late,,,,,,,,,,,,,,,,,,,,,,,,
Epha7,Down Late,,,,,,,,,,,,,,,,,,,,,,,,
Sh2d5,Down Late,,,,,,,,,,,,,,,,,,,,,,,,
Poln,Down Late,,,,,,,,,,,,,,,,,,,,,,,,
Smim14,Down Late,,,,,,,,,,,,,,,,,,,,,,,,
Guf1,Down Late,,,,,,,,,,,,,,,,,,,,,,,,
Tec,Down Late,,,,,,,,,,,,,,,,,,,,,,,,
Ccdc18,Down Late,,,,,,,,,,,,,,,,,,,,,,,,
Lat2,Down Late,,,,,,,,,,,,,,,,,,,,,,,,
Gm15581,Down Late,,,,,,,,,,,,,,,,,,,,,,,,
Cebpa,Down Late,,,,,,,,,,,,,,,,,,,,,,,,
Kcne3,Down Late,,,,,,,,,,,,,,,,,,,,,,,,
Adgrg3,Down Late,,,,,,,,,,,,,,,,,,,,,,,,
Gna15,Down Late,,,,,,,,,,,,,,,,,,,,,,,,
Uhrf1bp1l,Down Late,,,,,,,,,,,,,,,,,,,,,,,,
Ifi47,Down Late,,,,,,,,,,,,,,,,,,,,,,,,
Ccl9,Down Late,,,,,,,,,,,,,,,,,,,,,,,,
Sp2,Down Late,,,,,,,,,,,,,,,,,,,,,,,,
Abca9,Down Late,,,,,,,,,,,,,,,,,,,,,,,,
Scin,Down Late,,,,,,,,,,,,,,,,,,,,,,,,
Deptor,Down Late,,,,,,,,,,,,,,,,,,,,,,,,
Ifitm7,Down Late,,,,,,,,,,,,,,,,,,,,,,,,
Filip1l,Down Late,,,,,,,,,,,,,,,,,,,,,,,,
Tap1,Down Late,,,,,,,,,,,,,,,,,,,,,,,,
Nlrc4,Down Late,,,,,,,,,,,,,,,,,,,,,,,,
Gm50035,Down Late,,,,,,,,,,,,,,,,,,,,,,,,
Apba1,Down Late,,,,,,,,,,,,,,,,,,,,,,,,
Gria3,Down Late,,,,,,,,,,,,,,,,,,,,,,,,
Hmgb3,Down Late,,,,,,,,,,,,,,,,,,,,,,,,
Abcd1,Down Late,,,,,,,,,,,,,,,,,,,,,,,,
Amer1,Down Late,,,,,,,,,,,,,,,,,,,,,,,,
Radx,Down Late,,,,,,,,,,,,,,,,,,,,,,,,
Degs1,Down Late,,,,,,,,,,,,,,,,,,,,,,,,
Zeb2,Down Late,,,,,,,,,,,,,,,,,,,,,,,,
Nusap1,Down Late,,,,,,,,,,,,,,,,,,,,,,,,
B2m,Down Late,,,,,,,,,,,,,,,,,,,,,,,,
Sclt1,Down Late,,,,,,,,,,,,,,,,,,,,,,,,
Khk,Down Late,,,,,,,,,,,,,,,,,,,,,,,,
Lockd,Down Late,,,,,,,,,,,,,,,,,,,,,,,,
Prc1,Down Late,,,,,,,,,,,,,,,,,,,,,,,,
Rassf3,Down Late,,,,,,,,,,,,,,,,,,,,,,,,
Rad51b,Down Late,,,,,,,,,,,,,,,,,,,,,,,,
Il1r1,Up Early,,,,,,,,,,,,,,,,,,,,,,,,
Selp,Up Early,,,,,,,,,,,,,,,,,,,,,,,,
Cd34,Up Early,,,,,,,,,,,,,,,,,,,,,,,,
Cr1l,Up Early,,,,,,,,,,,,,,,,,,,,,,,,
Slc30a4,Up Early,,,,,,,,,,,,,,,,,,,,,,,,
Camk2d,Up Early,,,,,,,,,,,,,,,,,,,,,,,,
Ptger3,Up Early,,,,,,,,,,,,,,,,,,,,,,,,
Glipr2,Up Early,,,,,,,,,,,,,,,,,,,,,,,,
Luzp1,Up Early,,,,,,,,,,,,,,,,,,,,,,,,
Pik3cd,Up Early,,,,,,,,,,,,,,,,,,,,,,,,
Clnk,Up Early,,,,,,,,,,,,,,,,,,,,,,,,
Bcl3,Up Early,,,,,,,,,,,,,,,,,,,,,,,,
Il4ra,Up Early,,,,,,,,,,,,,,,,,,,,,,,,
Ifitm1,Up Early,,,,,,,,,,,,,,,,,,,,,,,,
Ifitm3,Up Early,,,,,,,,,,,,,,,,,,,,,,,,
Fgfr1,Up Early,,,,,,,,,,,,,,,,,,,,,,,,
Csgalnact1,Up Early,,,,,,,,,,,,,,,,,,,,,,,,
Hivep2,Up Early,,,,,,,,,,,,,,,,,,,,,,,,
Scarf1,Up Early,,,,,,,,,,,,,,,,,,,,,,,,
Wfdc17,Up Early,,,,,,,,,,,,,,,,,,,,,,,,
Abi3,Up Early,,,,,,,,,,,,,,,,,,,,,,,,
Gngt2,Up Early,,,,,,,,,,,,,,,,,,,,,,,,
Nsf,Up Early,,,,,,,,,,,,,,,,,,,,,,,,
Socs3,Up Early,,,,,,,,,,,,,,,,,,,,,,,,
Hdac9,Up Early,,,,,,,,,,,,,,,,,,,,,,,,
Serpina3g,Up Early,,,,,,,,,,,,,,,,,,,,,,,,
Tgm1,Up Early,,,,,,,,,,,,,,,,,,,,,,,,
Basp1,Up Early,,,,,,,,,,,,,,,,,,,,,,,,
Rbfox2,Up Early,,,,,,,,,,,,,,,,,,,,,,,,
Muc13,Up Early,,,,,,,,,,,,,,,,,,,,,,,,
Fgd2,Up Early,,,,,,,,,,,,,,,,,,,,,,,,
Pim1,Up Early,,,,,,,,,,,,,,,,,,,,,,,,
Snx24,Up Early,,,,,,,,,,,,,,,,,,,,,,,,
Vldlr,Up Early,,,,,,,,,,,,,,,,,,,,,,,,
Rps6ka3,Up Early,,,,,,,,,,,,,,,,,,,,,,,,
Nos1ap,Up Early,,,,,,,,,,,,,,,,,,,,,,,,
Pcp4l1,Up Early,,,,,,,,,,,,,,,,,,,,,,,,
Tpd52,Up Early,,,,,,,,,,,,,,,,,,,,,,,,
Pde4b,Up Early,,,,,,,,,,,,,,,,,,,,,,,,
C530008M17Rik,Up Early,,,,,,,,,,,,,,,,,,,,,,,,
Ppp1r9a,Up Early,,,,,,,,,,,,,,,,,,,,,,,,
Tmem176b,Up Early,,,,,,,,,,,,,,,,,,,,,,,,
Tmem176a,Up Early,,,,,,,,,,,,,,,,,,,,,,,,
Hoxa9,Up Early,,,,,,,,,,,,,,,,,,,,,,,,
Clec4e,Up Early,,,,,,,,,,,,,,,,,,,,,,,,
Icam1,Up Early,,,,,,,,,,,,,,,,,,,,,,,,
Ldlr,Up Early,,,,,,,,,,,,,,,,,,,,,,,,
Myo5a,Up Early,,,,,,,,,,,,,,,,,,,,,,,,
Txnrd1,Up Early,,,,,,,,,,,,,,,,,,,,,,,,
Pik3r5,Up Early,,,,,,,,,,,,,,,,,,,,,,,,
Ppm1e,Up Early,,,,,,,,,,,,,,,,,,,,,,,,
Frmd6,Up Early,,,,,,,,,,,,,,,,,,,,,,,,
Zfp36l1,Up Early,,,,,,,,,,,,,,,,,,,,,,,,
Acot1,Up Early,,,,,,,,,,,,,,,,,,,,,,,,
Ppp3cc,Up Early,,,,,,,,,,,,,,,,,,,,,,,,
Trps1,Up Early,,,,,,,,,,,,,,,,,,,,,,,,
AY036118,Up Early,,,,,,,,,,,,,,,,,,,,,,,,
Rhoq,Up Early,,,,,,,,,,,,,,,,,,,,,,,,
Arhgap26,Up Early,,,,,,,,,,,,,,,,,,,,,,,,
Fads2,Up Early,,,,,,,,,,,,,,,,,,,,,,,,
Maged1,Up Early,,,,,,,,,,,,,,,,,,,,,,,,
Arid5a,Up Early,,,,,,,,,,,,,,,,,,,,,,,,
Gm973,Up Early,,,,,,,,,,,,,,,,,,,,,,,,
Camsap2,Up Early,,,,,,,,,,,,,,,,,,,,,,,,
1700025G04Rik,Up Early,,,,,,,,,,,,,,,,,,,,,,,,
Glul,Up Early,,,,,,,,,,,,,,,,,,,,,,,,
A330023F24Rik,Up Early,,,,,,,,,,,,,,,,,,,,,,,,
Bend7,Up Early,,,,,,,,,,,,,,,,,,,,,,,,
Plxdc2,Up Early,,,,,,,,,,,,,,,,,,,,,,,,
AA467197,Up Early,,,,,,,,,,,,,,,,,,,,,,,,
Tnfsf10,Up Early,,,,,,,,,,,,,,,,,,,,,,,,
S100a4,Up Early,,,,,,,,,,,,,,,,,,,,,,,,
S100a6,Up Early,,,,,,,,,,,,,,,,,,,,,,,,
Ctss,Up Early,,,,,,,,,,,,,,,,,,,,,,,,
S1pr1,Up Early,,,,,,,,,,,,,,,,,,,,,,,,
Abca4,Up Early,,,,,,,,,,,,,,,,,,,,,,,,
Ifi44,Up Early,,,,,,,,,,,,,,,,,,,,,,,,
Jun,Up Early,,,,,,,,,,,,,,,,,,,,,,,,
Isg15,Up Early,,,,,,,,,,,,,,,,,,,,,,,,
Gm32554,Up Early,,,,,,,,,,,,,,,,,,,,,,,,
1700003C15Rik,Up Early,,,,,,,,,,,,,,,,,,,,,,,,
Sema3d,Up Early,,,,,,,,,,,,,,,,,,,,,,,,
A630072M18Rik,Up Early,,,,,,,,,,,,,,,,,,,,,,,,
Rbm47,Up Early,,,,,,,,,,,,,,,,,,,,,,,,
Tgfbr3,Up Early,,,,,,,,,,,,,,,,,,,,,,,,
Oas3,Up Early,,,,,,,,,,,,,,,,,,,,,,,,
Tfr2,Up Early,,,,,,,,,,,,,,,,,,,,,,,,
Chn2,Up Early,,,,,,,,,,,,,,,,,,,,,,,,
Gprin3,Up Early,,,,,,,,,,,,,,,,,,,,,,,,
Fgd5,Up Early,,,,,,,,,,,,,,,,,,,,,,,,
Lag3,Up Early,,,,,,,,,,,,,,,,,,,,,,,,
Eps8,Up Early,,,,,,,,,,,,,,,,,,,,,,,,
Ppfibp1,Up Early,,,,,,,,,,,,,,,,,,,,,,,,
Tshz3,Up Early,,,,,,,,,,,,,,,,,,,,,,,,
Slco3a1,Up Early,,,,,,,,,,,,,,,,,,,,,,,,
Gm26862,Up Early,,,,,,,,,,,,,,,,,,,,,,,,
Rras2,Up Early,,,,,,,,,,,,,,,,,,,,,,,,
Itgam,Up Early,,,,,,,,,,,,,,,,,,,,,,,,
Irf7,Up Early,,,,,,,,,,,,,,,,,,,,,,,,
Col4a1,Up Early,,,,,,,,,,,,,,,,,,,,,,,,
Ppp1r3b,Up Early,,,,,,,,,,,,,,,,,,,,,,,,
Jund,Up Early,,,,,,,,,,,,,,,,,,,,,,,,
Jak3,Up Early,,,,,,,,,,,,,,,,,,,,,,,,
Rnf150,Up Early,,,,,,,,,,,,,,,,,,,,,,,,
Zfhx3,Up Early,,,,,,,,,,,,,,,,,,,,,,,,
Znrf1,Up Early,,,,,,,,,,,,,,,,,,,,,,,,
Zfp1,Up Early,,,,,,,,,,,,,,,,,,,,,,,,
Plcg2,Up Early,,,,,,,,,,,,,,,,,,,,,,,,
Slc44a2,Up Early,,,,,,,,,,,,,,,,,,,,,,,,
Esam,Up Early,,,,,,,,,,,,,,,,,,,,,,,,
Plscr2,Up Early,,,,,,,,,,,,,,,,,,,,,,,,
Cish,Up Early,,,,,,,,,,,,,,,,,,,,,,,,
Gm40645,Up Early,,,,,,,,,,,,,,,,,,,,,,,,
Fam184a,Up Early,,,,,,,,,,,,,,,,,,,,,,,,
Sbno2,Up Early,,,,,,,,,,,,,,,,,,,,,,,,
Socs2,Up Early,,,,,,,,,,,,,,,,,,,,,,,,
Hormad2,Up Early,,,,,,,,,,,,,,,,,,,,,,,,
Sparc,Up Early,,,,,,,,,,,,,,,,,,,,,,,,
Specc1,Up Early,,,,,,,,,,,,,,,,,,,,,,,,
Ndel1,Up Early,,,,,,,,,,,,,,,,,,,,,,,,
Slfn5,Up Early,,,,,,,,,,,,,,,,,,,,,,,,
Slfn2,Up Early,,,,,,,,,,,,,,,,,,,,,,,,
Stat3,Up Early,,,,,,,,,,,,,,,,,,,,,,,,
Pecam1,Up Early,,,,,,,,,,,,,,,,,,,,,,,,
Prkca,Up Early,,,,,,,,,,,,,,,,,,,,,,,,
Trim47,Up Early,,,,,,,,,,,,,,,,,,,,,,,,
Sntg2,Up Early,,,,,,,,,,,,,,,,,,,,,,,,
Fut8,Up Early,,,,,,,,,,,,,,,,,,,,,,,,
Ahnak2,Up Early,,,,,,,,,,,,,,,,,,,,,,,,
Gm47754,Up Early,,,,,,,,,,,,,,,,,,,,,,,,
Tgfbi,Up Early,,,,,,,,,,,,,,,,,,,,,,,,
Ctla2a,Up Early,,,,,,,,,,,,,,,,,,,,,,,,
Rgs7bp,Up Early,,,,,,,,,,,,,,,,,,,,,,,,
Kcnk5,Up Early,,,,,,,,,,,,,,,,,,,,,,,,
Mrpl52,Up Early,,,,,,,,,,,,,,,,,,,,,,,,
Ptk2b,Up Early,,,,,,,,,,,,,,,,,,,,,,,,
Ly6a,Up Early,,,,,,,,,,,,,,,,,,,,,,,,
Csf2rb2,Up Early,,,,,,,,,,,,,,,,,,,,,,,,
Cpne8,Up Early,,,,,,,,,,,,,,,,,,,,,,,,
Galnt6,Up Early,,,,,,,,,,,,,,,,,,,,,,,,
Acvr1b,Up Early,,,,,,,,,,,,,,,,,,,,,,,,
Socs1,Up Early,,,,,,,,,,,,,,,,,,,,,,,,
St6gal1,Up Early,,,,,,,,,,,,,,,,,,,,,,,,
Gm15657,Up Early,,,,,,,,,,,,,,,,,,,,,,,,
Phldb2,Up Early,,,,,,,,,,,,,,,,,,,,,,,,
Samsn1,Up Early,,,,,,,,,,,,,,,,,,,,,,,,
Ppard,Up Early,,,,,,,,,,,,,,,,,,,,,,,,
Pglyrp2,Up Early,,,,,,,,,,,,,,,,,,,,,,,,
Ier3,Up Early,,,,,,,,,,,,,,,,,,,,,,,,
Flot1,Up Early,,,,,,,,,,,,,,,,,,,,,,,,
Cd2ap,Up Early,,,,,,,,,,,,,,,,,,,,,,,,
Ccnd3,Up Early,,,,,,,,,,,,,,,,,,,,,,,,
Treml2,Up Early,,,,,,,,,,,,,,,,,,,,,,,,
Rftn1,Up Early,,,,,,,,,,,,,,,,,,,,,,,,
1810073O08Rik,Up Early,,,,,,,,,,,,,,,,,,,,,,,,
Map3k8,Up Early,,,,,,,,,,,,,,,,,,,,,,,,
Gramd3,Up Early,,,,,,,,,,,,,,,,,,,,,,,,
March3,Up Early,,,,,,,,,,,,,,,,,,,,,,,,
Camk2a,Up Early,,,,,,,,,,,,,,,,,,,,,,,,
Mamdc2,Up Early,,,,,,,,,,,,,,,,,,,,,,,,
Cd274,Up Early,,,,,,,,,,,,,,,,,,,,,,,,
Pdcd1lg2,Up Early,,,,,,,,,,,,,,,,,,,,,,,,
Entpd1,Up Early,,,,,,,,,,,,,,,,,,,,,,,,
Gm20467,Up Early,,,,,,,,,,,,,,,,,,,,,,,,
Nkx2-3,Up Early,,,,,,,,,,,,,,,,,,,,,,,,
Ablim1,Up Early,,,,,,,,,,,,,,,,,,,,,,,,
Pim2,Up Early,,,,,,,,,,,,,,,,,,,,,,,,
6030498E09Rik,Up Early,,,,,,,,,,,,,,,,,,,,,,,,
Il2rg,Up Early,,,,,,,,,,,,,,,,,,,,,,,,
Il18rap,Up Early,,,,,,,,,,,,,,,,,,,,,,,,
Cyp27a1,Up Early,,,,,,,,,,,,,,,,,,,,,,,,
Lax1,Up Early,,,,,,,,,,,,,,,,,,,,,,,,
Nek6,Up Early,,,,,,,,,,,,,,,,,,,,,,,,
Acvr2a,Up Early,,,,,,,,,,,,,,,,,,,,,,,,
Trp53i11,Up Early,,,,,,,,,,,,,,,,,,,,,,,,
Cd82,Up Early,,,,,,,,,,,,,,,,,,,,,,,,
Procr,Up Early,,,,,,,,,,,,,,,,,,,,,,,,
Ppp1r16b,Up Early,,,,,,,,,,,,,,,,,,,,,,,,
Eya2,Up Early,,,,,,,,,,,,,,,,,,,,,,,,
Skil,Up Early,,,,,,,,,,,,,,,,,,,,,,,,
P2ry14,Up Early,,,,,,,,,,,,,,,,,,,,,,,,
Tmem154,Up Early,,,,,,,,,,,,,,,,,,,,,,,,
4632404H12Rik,Up Early,,,,,,,,,,,,,,,,,,,,,,,,
Gbp7,Up Early,,,,,,,,,,,,,,,,,,,,,,,,
St6galnac5,Up Early,,,,,,,,,,,,,,,,,,,,,,,,
Unc13b,Up Early,,,,,,,,,,,,,,,,,,,,,,,,
Rgs3,Up Early,,,,,,,,,,,,,,,,,,,,,,,,
Hook1,Up Early,,,,,,,,,,,,,,,,,,,,,,,,
Ptprf,Up Early,,,,,,,,,,,,,,,,,,,,,,,,
Hivep3,Up Early,,,,,,,,,,,,,,,,,,,,,,,,
Ephb2,Up Early,,,,,,,,,,,,,,,,,,,,,,,,
Ski,Up Early,,,,,,,,,,,,,,,,,,,,,,,,
Tnfrsf18,Up Early,,,,,,,,,,,,,,,,,,,,,,,,
Apbb2,Up Early,,,,,,,,,,,,,,,,,,,,,,,,
Gm26692,Up Early,,,,,,,,,,,,,,,,,,,,,,,,
Oasl2,Up Early,,,,,,,,,,,,,,,,,,,,,,,,
Gm13822,Up Early,,,,,,,,,,,,,,,,,,,,,,,,
Lfng,Up Early,,,,,,,,,,,,,,,,,,,,,,,,
2210408F21Rik,Up Early,,,,,,,,,,,,,,,,,,,,,,,,
Il17re,Up Early,,,,,,,,,,,,,,,,,,,,,,,,
C1rl,Up Early,,,,,,,,,,,,,,,,,,,,,,,,
Ptms,Up Early,,,,,,,,,,,,,,,,,,,,,,,,
Cd33,Up Early,,,,,,,,,,,,,,,,,,,,,,,,
Dkkl1,Up Early,,,,,,,,,,,,,,,,,,,,,,,,
Mrgpra2a,Up Early,,,,,,,,,,,,,,,,,,,,,,,,
Adamts17,Up Early,,,,,,,,,,,,,,,,,,,,,,,,
P2ry2,Up Early,,,,,,,,,,,,,,,,,,,,,,,,
Trim30c,Up Early,,,,,,,,,,,,,,,,,,,,,,,,
Gm4070,Up Early,,,,,,,,,,,,,,,,,,,,,,,,
Gvin1,Up Early,,,,,,,,,,,,,,,,,,,,,,,,
Nupr1,Up Early,,,,,,,,,,,,,,,,,,,,,,,,
Hsd3b7,Up Early,,,,,,,,,,,,,,,,,,,,,,,,
B4galnt4,Up Early,,,,,,,,,,,,,,,,,,,,,,,,
Col4a2,Up Early,,,,,,,,,,,,,,,,,,,,,,,,
Klhl2,Up Early,,,,,,,,,,,,,,,,,,,,,,,,
Gfod2,Up Early,,,,,,,,,,,,,,,,,,,,,,,,
Casp4,Up Early,,,,,,,,,,,,,,,,,,,,,,,,
4931406C07Rik,Up Early,,,,,,,,,,,,,,,,,,,,,,,,
Cadm1,Up Early,,,,,,,,,,,,,,,,,,,,,,,,
Slc35f2,Up Early,,,,,,,,,,,,,,,,,,,,,,,,
Neo1,Up Early,,,,,,,,,,,,,,,,,,,,,,,,
Plscr1,Up Early,,,,,,,,,,,,,,,,,,,,,,,,
Cmtm8,Up Early,,,,,,,,,,,,,,,,,,,,,,,,
Scml4,Up Early,,,,,,,,,,,,,,,,,,,,,,,,
Srgap1,Up Early,,,,,,,,,,,,,,,,,,,,,,,,
Ltc4s,Up Early,,,,,,,,,,,,,,,,,,,,,,,,
Chd3,Up Early,,,,,,,,,,,,,,,,,,,,,,,,
Clec10a,Up Early,,,,,,,,,,,,,,,,,,,,,,,,
Slfn8,Up Early,,,,,,,,,,,,,,,,,,,,,,,,
Gdpd1,Up Early,,,,,,,,,,,,,,,,,,,,,,,,
Rara,Up Early,,,,,,,,,,,,,,,,,,,,,,,,
Tanc2,Up Early,,,,,,,,,,,,,,,,,,,,,,,,
Lgals3bp,Up Early,,,,,,,,,,,,,,,,,,,,,,,,
Rnf213,Up Early,,,,,,,,,,,,,,,,,,,,,,,,
Dglucy,Up Early,,,,,,,,,,,,,,,,,,,,,,,,
Ifi27l2a,Up Early,,,,,,,,,,,,,,,,,,,,,,,,
Serpina3f,Up Early,,,,,,,,,,,,,,,,,,,,,,,,
Cmah,Up Early,,,,,,,,,,,,,,,,,,,,,,,,
Dusp22,Up Early,,,,,,,,,,,,,,,,,,,,,,,,
Susd3,Up Early,,,,,,,,,,,,,,,,,,,,,,,,
Sema4d,Up Early,,,,,,,,,,,,,,,,,,,,,,,,
Golm1,Up Early,,,,,,,,,,,,,,,,,,,,,,,,
Sh3bp5,Up Early,,,,,,,,,,,,,,,,,,,,,,,,
Ghr,Up Early,,,,,,,,,,,,,,,,,,,,,,,,
Laptm4b,Up Early,,,,,,,,,,,,,,,,,,,,,,,,
Tmem65,Up Early,,,,,,,,,,,,,,,,,,,,,,,,
Lratd2,Up Early,,,,,,,,,,,,,,,,,,,,,,,,
Naprt,Up Early,,,,,,,,,,,,,,,,,,,,,,,,
Gramd4,Up Early,,,,,,,,,,,,,,,,,,,,,,,,
Nckap5l,Up Early,,,,,,,,,,,,,,,,,,,,,,,,
Rtp4,Up Early,,,,,,,,,,,,,,,,,,,,,,,,
Lpp,Up Early,,,,,,,,,,,,,,,,,,,,,,,,
Gm29050,Up Early,,,,,,,,,,,,,,,,,,,,,,,,
Rasal3,Up Early,,,,,,,,,,,,,,,,,,,,,,,,
Eif2ak2,Up Early,,,,,,,,,,,,,,,,,,,,,,,,
Afap1l1,Up Early,,,,,,,,,,,,,,,,,,,,,,,,
Dok6,Up Early,,,,,,,,,,,,,,,,,,,,,,,,
Rhod,Up Early,,,,,,,,,,,,,,,,,,,,,,,,
Rab3il1,Up Early,,,,,,,,,,,,,,,,,,,,,,,,
Fads3,Up Early,,,,,,,,,,,,,,,,,,,,,,,,
Tjp2,Up Early,,,,,,,,,,,,,,,,,,,,,,,,
Dntt,Up Early,,,,,,,,,,,,,,,,,,,,,,,,
Clcn5,Up Early,,,,,,,,,,,,,,,,,,,,,,,,
Plp2,Up Early,,,,,,,,,,,,,,,,,,,,,,,,
Prdx4,Up Early,,,,,,,,,,,,,,,,,,,,,,,,
Tlr7,Up Early,,,,,,,,,,,,,,,,,,,,,,,,
Dmxl2,Up Early,,,,,,,,,,,,,,,,,,,,,,,,
Nav1,Up Intermediate,,,,,,,,,,,,,,,,,,,,,,,,
Cox4i2,Up Intermediate,,,,,,,,,,,,,,,,,,,,,,,,
Tmem215,Up Intermediate,,,,,,,,,,,,,,,,,,,,,,,,
Pou2f2,Up Intermediate,,,,,,,,,,,,,,,,,,,,,,,,
Ffar2,Up Intermediate,,,,,,,,,,,,,,,,,,,,,,,,
Anxa2,Up Intermediate,,,,,,,,,,,,,,,,,,,,,,,,
Ccr2,Up Intermediate,,,,,,,,,,,,,,,,,,,,,,,,
Aopep,Up Intermediate,,,,,,,,,,,,,,,,,,,,,,,,
Emb,Up Intermediate,,,,,,,,,,,,,,,,,,,,,,,,
Fndc3a,Up Intermediate,,,,,,,,,,,,,,,,,,,,,,,,
Csf2rb,Up Intermediate,,,,,,,,,,,,,,,,,,,,,,,,
Gcat,Up Intermediate,,,,,,,,,,,,,,,,,,,,,,,,
Emilin2,Up Intermediate,,,,,,,,,,,,,,,,,,,,,,,,
Ms4a6c,Up Intermediate,,,,,,,,,,,,,,,,,,,,,,,,
Gpc3,Up Intermediate,,,,,,,,,,,,,,,,,,,,,,,,
Atic,Up Intermediate,,,,,,,,,,,,,,,,,,,,,,,,
Ncl,Up Intermediate,,,,,,,,,,,,,,,,,,,,,,,,
Exosc2,Up Intermediate,,,,,,,,,,,,,,,,,,,,,,,,
Fkbp1a,Up Intermediate,,,,,,,,,,,,,,,,,,,,,,,,
Fabp5,Up Intermediate,,,,,,,,,,,,,,,,,,,,,,,,
Cct3,Up Intermediate,,,,,,,,,,,,,,,,,,,,,,,,
Fam189b,Up Intermediate,,,,,,,,,,,,,,,,,,,,,,,,
Phgdh,Up Intermediate,,,,,,,,,,,,,,,,,,,,,,,,
Cd53,Up Intermediate,,,,,,,,,,,,,,,,,,,,,,,,
Ndufaf4,Up Intermediate,,,,,,,,,,,,,,,,,,,,,,,,
Tle1,Up Intermediate,,,,,,,,,,,,,,,,,,,,,,,,
Mtap,Up Intermediate,,,,,,,,,,,,,,,,,,,,,,,,
Rpa2,Up Intermediate,,,,,,,,,,,,,,,,,,,,,,,,
Cct6a,Up Intermediate,,,,,,,,,,,,,,,,,,,,,,,,
Hsph1,Up Intermediate,,,,,,,,,,,,,,,,,,,,,,,,
Dqx1,Up Intermediate,,,,,,,,,,,,,,,,,,,,,,,,
Bcat1,Up Intermediate,,,,,,,,,,,,,,,,,,,,,,,,
Tufm,Up Intermediate,,,,,,,,,,,,,,,,,,,,,,,,
Got2,Up Intermediate,,,,,,,,,,,,,,,,,,,,,,,,
E2f4,Up Intermediate,,,,,,,,,,,,,,,,,,,,,,,,
Enkd1,Up Intermediate,,,,,,,,,,,,,,,,,,,,,,,,
Aars,Up Intermediate,,,,,,,,,,,,,,,,,,,,,,,,
Kars,Up Intermediate,,,,,,,,,,,,,,,,,,,,,,,,
Hspa8,Up Intermediate,,,,,,,,,,,,,,,,,,,,,,,,
Sorl1,Up Intermediate,,,,,,,,,,,,,,,,,,,,,,,,
Ccdc162,Up Intermediate,,,,,,,,,,,,,,,,,,,,,,,,
Dna2,Up Intermediate,,,,,,,,,,,,,,,,,,,,,,,,
Sppl2b,Up Intermediate,,,,,,,,,,,,,,,,,,,,,,,,
Thop1,Up Intermediate,,,,,,,,,,,,,,,,,,,,,,,,
Shmt2,Up Intermediate,,,,,,,,,,,,,,,,,,,,,,,,
Ptges3,Up Intermediate,,,,,,,,,,,,,,,,,,,,,,,,
Esyt1,Up Intermediate,,,,,,,,,,,,,,,,,,,,,,,,
Gemin5,Up Intermediate,,,,,,,,,,,,,,,,,,,,,,,,
Mybbp1a,Up Intermediate,,,,,,,,,,,,,,,,,,,,,,,,
Cluh,Up Intermediate,,,,,,,,,,,,,,,,,,,,,,,,
Slfn9,Up Intermediate,,,,,,,,,,,,,,,,,,,,,,,,
Kpnb1,Up Intermediate,,,,,,,,,,,,,,,,,,,,,,,,
Ftsj3,Up Intermediate,,,,,,,,,,,,,,,,,,,,,,,,
Nup85,Up Intermediate,,,,,,,,,,,,,,,,,,,,,,,,
Odc1,Up Intermediate,,,,,,,,,,,,,,,,,,,,,,,,
Hsp90aa1,Up Intermediate,,,,,,,,,,,,,,,,,,,,,,,,
Heatr1,Up Intermediate,,,,,,,,,,,,,,,,,,,,,,,,
Cltb,Up Intermediate,,,,,,,,,,,,,,,,,,,,,,,,
Il6st,Up Intermediate,,,,,,,,,,,,,,,,,,,,,,,,
Ccnb1ip1,Up Intermediate,,,,,,,,,,,,,,,,,,,,,,,,
Pvt1,Up Intermediate,,,,,,,,,,,,,,,,,,,,,,,,
Plxnb2,Up Intermediate,,,,,,,,,,,,,,,,,,,,,,,,
Tcp1,Up Intermediate,,,,,,,,,,,,,,,,,,,,,,,,
Rrp1b,Up Intermediate,,,,,,,,,,,,,,,,,,,,,,,,
Wdr46,Up Intermediate,,,,,,,,,,,,,,,,,,,,,,,,
Uhrf1,Up Intermediate,,,,,,,,,,,,,,,,,,,,,,,,
Nolc1,Up Intermediate,,,,,,,,,,,,,,,,,,,,,,,,
Atrnl1,Up Intermediate,,,,,,,,,,,,,,,,,,,,,,,,
Cd48,Up Intermediate,,,,,,,,,,,,,,,,,,,,,,,,
Ldlrad3,Up Intermediate,,,,,,,,,,,,,,,,,,,,,,,,
Fndc3b,Up Intermediate,,,,,,,,,,,,,,,,,,,,,,,,
Txlna,Up Intermediate,,,,,,,,,,,,,,,,,,,,,,,,
Milr1,Up Intermediate,,,,,,,,,,,,,,,,,,,,,,,,
Ston2,Up Intermediate,,,,,,,,,,,,,,,,,,,,,,,,
Lgals1,Up Intermediate,,,,,,,,,,,,,,,,,,,,,,,,
Arhgap31,Up Intermediate,,,,,,,,,,,,,,,,,,,,,,,,
Atf6,Up Intermediate,,,,,,,,,,,,,,,,,,,,,,,,
Med27,Up Intermediate,,,,,,,,,,,,,,,,,,,,,,,,
Galnt3,Up Intermediate,,,,,,,,,,,,,,,,,,,,,,,,
Tnfaip8l2,Up Intermediate,,,,,,,,,,,,,,,,,,,,,,,,
Slc39a8,Up Intermediate,,,,,,,,,,,,,,,,,,,,,,,,
Ppt1,Up Intermediate,,,,,,,,,,,,,,,,,,,,,,,,
Yars,Up Intermediate,,,,,,,,,,,,,,,,,,,,,,,,
E2f2,Up Intermediate,,,,,,,,,,,,,,,,,,,,,,,,
Cad,Up Intermediate,,,,,,,,,,,,,,,,,,,,,,,,
Nop2,Up Intermediate,,,,,,,,,,,,,,,,,,,,,,,,
Gab2,Up Intermediate,,,,,,,,,,,,,,,,,,,,,,,,
Cox6a2,Up Intermediate,,,,,,,,,,,,,,,,,,,,,,,,
Armc6,Up Intermediate,,,,,,,,,,,,,,,,,,,,,,,,
Ifi30,Up Intermediate,,,,,,,,,,,,,,,,,,,,,,,,
Bst2,Up Intermediate,,,,,,,,,,,,,,,,,,,,,,,,
Tpm4,Up Intermediate,,,,,,,,,,,,,,,,,,,,,,,,
Car12,Up Intermediate,,,,,,,,,,,,,,,,,,,,,,,,
Prkar2a,Up Intermediate,,,,,,,,,,,,,,,,,,,,,,,,
Ust,Up Intermediate,,,,,,,,,,,,,,,,,,,,,,,,
H2afy2,Up Intermediate,,,,,,,,,,,,,,,,,,,,,,,,
Gm2a,Up Intermediate,,,,,,,,,,,,,,,,,,,,,,,,
Abr,Up Intermediate,,,,,,,,,,,,,,,,,,,,,,,,
Rnf157,Up Intermediate,,,,,,,,,,,,,,,,,,,,,,,,
Foxk2,Up Intermediate,,,,,,,,,,,,,,,,,,,,,,,,
Flnb,Up Intermediate,,,,,,,,,,,,,,,,,,,,,,,,
Pinx1,Up Intermediate,,,,,,,,,,,,,,,,,,,,,,,,
Them6,Up Intermediate,,,,,,,,,,,,,,,,,,,,,,,,
C1qtnf6,Up Intermediate,,,,,,,,,,,,,,,,,,,,,,,,
Slc4a8,Up Intermediate,,,,,,,,,,,,,,,,,,,,,,,,
Litaf,Up Intermediate,,,,,,,,,,,,,,,,,,,,,,,,
Crybg3,Up Intermediate,,,,,,,,,,,,,,,,,,,,,,,,
Zfp598,Up Intermediate,,,,,,,,,,,,,,,,,,,,,,,,
Vit,Up Intermediate,,,,,,,,,,,,,,,,,,,,,,,,
Tmem173,Up Intermediate,,,,,,,,,,,,,,,,,,,,,,,,
Tmem109,Up Intermediate,,,,,,,,,,,,,,,,,,,,,,,,
Pum3,Up Intermediate,,,,,,,,,,,,,,,,,,,,,,,,
Hs6st2,Up Intermediate,,,,,,,,,,,,,,,,,,,,,,,,
Diaph2,Up Intermediate,,,,,,,,,,,,,,,,,,,,,,,,
Oxsr1,Up Intermediate,,,,,,,,,,,,,,,,,,,,,,,,
Nt5c3b,Up Intermediate,,,,,,,,,,,,,,,,,,,,,,,,
Soat1,Up Late,,,,,,,,,,,,,,,,,,,,,,,,
1110008P14Rik,Up Late,,,,,,,,,,,,,,,,,,,,,,,,
Lcn2,Up Late,,,,,,,,,,,,,,,,,,,,,,,,
Cytip,Up Late,,,,,,,,,,,,,,,,,,,,,,,,
Rbms1,Up Late,,,,,,,,,,,,,,,,,,,,,,,,
Lbp,Up Late,,,,,,,,,,,,,,,,,,,,,,,,
Cebpb,Up Late,,,,,,,,,,,,,,,,,,,,,,,,
Gyg,Up Late,,,,,,,,,,,,,,,,,,,,,,,,
Gclm,Up Late,,,,,,,,,,,,,,,,,,,,,,,,
Clec5a,Up Late,,,,,,,,,,,,,,,,,,,,,,,,
Dmkn,Up Late,,,,,,,,,,,,,,,,,,,,,,,,
Ldha,Up Late,,,,,,,,,,,,,,,,,,,,,,,,
Nrg1,Up Late,,,,,,,,,,,,,,,,,,,,,,,,
Mt1,Up Late,,,,,,,,,,,,,,,,,,,,,,,,
Hp,Up Late,,,,,,,,,,,,,,,,,,,,,,,,
Myd88,Up Late,,,,,,,,,,,,,,,,,,,,,,,,
Flot2,Up Late,,,,,,,,,,,,,,,,,,,,,,,,
Rhoj,Up Late,,,,,,,,,,,,,,,,,,,,,,,,
Ifi27,Up Late,,,,,,,,,,,,,,,,,,,,,,,,
Dock9,Up Late,,,,,,,,,,,,,,,,,,,,,,,,
Tspo,Up Late,,,,,,,,,,,,,,,,,,,,,,,,
Tfrc,Up Late,,,,,,,,,,,,,,,,,,,,,,,,
Lrg1,Up Late,,,,,,,,,,,,,,,,,,,,,,,,
Cd14,Up Late,,,,,,,,,,,,,,,,,,,,,,,,
Gstp3,Up Late,,,,,,,,,,,,,,,,,,,,,,,,
Abhd17b,Up Late,,,,,,,,,,,,,,,,,,,,,,,,
Piga,Up Late,,,,,,,,,,,,,,,,,,,,,,,,
Hspd1,Up Late,,,,,,,,,,,,,,,,,,,,,,,,
Hspe1,Up Late,,,,,,,,,,,,,,,,,,,,,,,,
Dbi,Up Late,,,,,,,,,,,,,,,,,,,,,,,,
Uchl5,Up Late,,,,,,,,,,,,,,,,,,,,,,,,
Cacybp,Up Late,,,,,,,,,,,,,,,,,,,,,,,,
Set,Up Late,,,,,,,,,,,,,,,,,,,,,,,,
Hspa5,Up Late,,,,,,,,,,,,,,,,,,,,,,,,
Gatm,Up Late,,,,,,,,,,,,,,,,,,,,,,,,
Dut,Up Late,,,,,,,,,,,,,,,,,,,,,,,,
Atp8b4,Up Late,,,,,,,,,,,,,,,,,,,,,,,,
Trmt6,Up Late,,,,,,,,,,,,,,,,,,,,,,,,
Plcb1,Up Late,,,,,,,,,,,,,,,,,,,,,,,,
Eif2s2,Up Late,,,,,,,,,,,,,,,,,,,,,,,,
Eif6,Up Late,,,,,,,,,,,,,,,,,,,,,,,,
Exosc8,Up Late,,,,,,,,,,,,,,,,,,,,,,,,
Ppid,Up Late,,,,,,,,,,,,,,,,,,,,,,,,
Dnaja1,Up Late,,,,,,,,,,,,,,,,,,,,,,,,
Stoml2,Up Late,,,,,,,,,,,,,,,,,,,,,,,,
Tomm5,Up Late,,,,,,,,,,,,,,,,,,,,,,,,
Dnajc25,Up Late,,,,,,,,,,,,,,,,,,,,,,,,
Eif2b3,Up Late,,,,,,,,,,,,,,,,,,,,,,,,
Med8,Up Late,,,,,,,,,,,,,,,,,,,,,,,,
Ebna1bp2,Up Late,,,,,,,,,,,,,,,,,,,,,,,,
Yrdc,Up Late,,,,,,,,,,,,,,,,,,,,,,,,
Snhg3,Up Late,,,,,,,,,,,,,,,,,,,,,,,,
Nudc,Up Late,,,,,,,,,,,,,,,,,,,,,,,,
Aunip,Up Late,,,,,,,,,,,,,,,,,,,,,,,,
Mrto4,Up Late,,,,,,,,,,,,,,,,,,,,,,,,
Srm,Up Late,,,,,,,,,,,,,,,,,,,,,,,,
Eno1,Up Late,,,,,,,,,,,,,,,,,,,,,,,,
Mrpl20,Up Late,,,,,,,,,,,,,,,,,,,,,,,,
Ube2j2,Up Late,,,,,,,,,,,,,,,,,,,,,,,,
Psmc2,Up Late,,,,,,,,,,,,,,,,,,,,,,,,
Ppm1g,Up Late,,,,,,,,,,,,,,,,,,,,,,,,
Lyar,Up Late,,,,,,,,,,,,,,,,,,,,,,,,
Prom1,Up Late,,,,,,,,,,,,,,,,,,,,,,,,
0610040J01Rik,Up Late,,,,,,,,,,,,,,,,,,,,,,,,
Cdc7,Up Late,,,,,,,,,,,,,,,,,,,,,,,,
Ran,Up Late,,,,,,,,,,,,,,,,,,,,,,,,
Psph,Up Late,,,,,,,,,,,,,,,,,,,,,,,,
Eif3b,Up Late,,,,,,,,,,,,,,,,,,,,,,,,
Aimp2,Up Late,,,,,,,,,,,,,,,,,,,,,,,,
Pdap1,Up Late,,,,,,,,,,,,,,,,,,,,,,,,
Asns,Up Late,,,,,,,,,,,,,,,,,,,,,,,,
Pdia4,Up Late,,,,,,,,,,,,,,,,,,,,,,,,
Gars,Up Late,,,,,,,,,,,,,,,,,,,,,,,,
Mthfd2,Up Late,,,,,,,,,,,,,,,,,,,,,,,,
Gapdh,Up Late,,,,,,,,,,,,,,,,,,,,,,,,
Fkbp4,Up Late,,,,,,,,,,,,,,,,,,,,,,,,
Ube2m,Up Late,,,,,,,,,,,,,,,,,,,,,,,,
Tomm40,Up Late,,,,,,,,,,,,,,,,,,,,,,,,
Ccne1,Up Late,,,,,,,,,,,,,,,,,,,,,,,,
Ruvbl2,Up Late,,,,,,,,,,,,,,,,,,,,,,,,
E2f8,Up Late,,,,,,,,,,,,,,,,,,,,,,,,
Aen,Up Late,,,,,,,,,,,,,,,,,,,,,,,,
Dgat2,Up Late,,,,,,,,,,,,,,,,,,,,,,,,
Timm10b,Up Late,,,,,,,,,,,,,,,,,,,,,,,,
Mrpl17,Up Late,,,,,,,,,,,,,,,,,,,,,,,,
Lmo1,Up Late,,,,,,,,,,,,,,,,,,,,,,,,
Coq7,Up Late,,,,,,,,,,,,,,,,,,,,,,,,
Hras,Up Late,,,,,,,,,,,,,,,,,,,,,,,,
Polr2l,Up Late,,,,,,,,,,,,,,,,,,,,,,,,
Fcor,Up Late,,,,,,,,,,,,,,,,,,,,,,,,
Trappc5,Up Late,,,,,,,,,,,,,,,,,,,,,,,,
Atp11a,Up Late,,,,,,,,,,,,,,,,,,,,,,,,
Isyna1,Up Late,,,,,,,,,,,,,,,,,,,,,,,,
Ssbp4,Up Late,,,,,,,,,,,,,,,,,,,,,,,,
Mrpl34,Up Late,,,,,,,,,,,,,,,,,,,,,,,,
Ddx39,Up Late,,,,,,,,,,,,,,,,,,,,,,,,
Gadd45gip1,Up Late,,,,,,,,,,,,,,,,,,,,,,,,
Ciao2b,Up Late,,,,,,,,,,,,,,,,,,,,,,,,
Nip7,Up Late,,,,,,,,,,,,,,,,,,,,,,,,
Dcun1d5,Up Late,,,,,,,,,,,,,,,,,,,,,,,,
Pin1,Up Late,,,,,,,,,,,,,,,,,,,,,,,,
Pafah1b2,Up Late,,,,,,,,,,,,,,,,,,,,,,,,
Rexo2,Up Late,,,,,,,,,,,,,,,,,,,,,,,,
Pclaf,Up Late,,,,,,,,,,,,,,,,,,,,,,,,
Lactb,Up Late,,,,,,,,,,,,,,,,,,,,,,,,
Rsl24d1,Up Late,,,,,,,,,,,,,,,,,,,,,,,,
Cdv3,Up Late,,,,,,,,,,,,,,,,,,,,,,,,
Twf2,Up Late,,,,,,,,,,,,,,,,,,,,,,,,
Ifrd2,Up Late,,,,,,,,,,,,,,,,,,,,,,,,
Higd1a,Up Late,,,,,,,,,,,,,,,,,,,,,,,,
Cited2,Up Late,,,,,,,,,,,,,,,,,,,,,,,,
Ppa1,Up Late,,,,,,,,,,,,,,,,,,,,,,,,
Mif,Up Late,,,,,,,,,,,,,,,,,,,,,,,,
Chchd10,Up Late,,,,,,,,,,,,,,,,,,,,,,,,
Cdc34,Up Late,,,,,,,,,,,,,,,,,,,,,,,,
Prtn3,Up Late,,,,,,,,,,,,,,,,,,,,,,,,
Wdr18,Up Late,,,,,,,,,,,,,,,,,,,,,,,,
Gadd45b,Up Late,,,,,,,,,,,,,,,,,,,,,,,,
Tspan31,Up Late,,,,,,,,,,,,,,,,,,,,,,,,
Pa2g4,Up Late,,,,,,,,,,,,,,,,,,,,,,,,
Selenom,Up Late,,,,,,,,,,,,,,,,,,,,,,,,
Xbp1,Up Late,,,,,,,,,,,,,,,,,,,,,,,,
Pno1,Up Late,,,,,,,,,,,,,,,,,,,,,,,,
Npm1,Up Late,,,,,,,,,,,,,,,,,,,,,,,,
Nudcd2,Up Late,,,,,,,,,,,,,,,,,,,,,,,,
Nhp2,Up Late,,,,,,,,,,,,,,,,,,,,,,,,
Hspa4,Up Late,,,,,,,,,,,,,,,,,,,,,,,,
Uqcrq,Up Late,,,,,,,,,,,,,,,,,,,,,,,,
C1qbp,Up Late,,,,,,,,,,,,,,,,,,,,,,,,
Dhrs13,Up Late,,,,,,,,,,,,,,,,,,,,,,,,
Tmem97,Up Late,,,,,,,,,,,,,,,,,,,,,,,,
Wfdc21,Up Late,,,,,,,,,,,,,,,,,,,,,,,,
Nme1,Up Late,,,,,,,,,,,,,,,,,,,,,,,,
Lrrc59,Up Late,,,,,,,,,,,,,,,,,,,,,,,,
Psmd3,Up Late,,,,,,,,,,,,,,,,,,,,,,,,
Tubg1,Up Late,,,,,,,,,,,,,,,,,,,,,,,,
Nt5c,Up Late,,,,,,,,,,,,,,,,,,,,,,,,
Mrpl12,Up Late,,,,,,,,,,,,,,,,,,,,,,,,
Rrm2,Up Late,,,,,,,,,,,,,,,,,,,,,,,,
Dld,Up Late,,,,,,,,,,,,,,,,,,,,,,,,
Psma3,Up Late,,,,,,,,,,,,,,,,,,,,,,,,
Actn1,Up Late,,,,,,,,,,,,,,,,,,,,,,,,
Erh,Up Late,,,,,,,,,,,,,,,,,,,,,,,,
Ahsa1,Up Late,,,,,,,,,,,,,,,,,,,,,,,,
Cinp,Up Late,,,,,,,,,,,,,,,,,,,,,,,,
Hist1h1b,Up Late,,,,,,,,,,,,,,,,,,,,,,,,
Gmnn,Up Late,,,,,,,,,,,,,,,,,,,,,,,,
F13a1,Up Late,,,,,,,,,,,,,,,,,,,,,,,,
Tmem14c,Up Late,,,,,,,,,,,,,,,,,,,,,,,,
Trip13,Up Late,,,,,,,,,,,,,,,,,,,,,,,,
Chchd1,Up Late,,,,,,,,,,,,,,,,,,,,,,,,
Dph3,Up Late,,,,,,,,,,,,,,,,,,,,,,,,
Pnp,Up Late,,,,,,,,,,,,,,,,,,,,,,,,
Pbk,Up Late,,,,,,,,,,,,,,,,,,,,,,,,
Clu,Up Late,,,,,,,,,,,,,,,,,,,,,,,,
Uchl3,Up Late,,,,,,,,,,,,,,,,,,,,,,,,
Exosc4,Up Late,,,,,,,,,,,,,,,,,,,,,,,,
Cyc1,Up Late,,,,,,,,,,,,,,,,,,,,,,,,
Ncf4,Up Late,,,,,,,,,,,,,,,,,,,,,,,,
Tst,Up Late,,,,,,,,,,,,,,,,,,,,,,,,
Polr2f,Up Late,,,,,,,,,,,,,,,,,,,,,,,,
Phf5a,Up Late,,,,,,,,,,,,,,,,,,,,,,,,
Desi1,Up Late,,,,,,,,,,,,,,,,,,,,,,,,
Snu13,Up Late,,,,,,,,,,,,,,,,,,,,,,,,
Creld2,Up Late,,,,,,,,,,,,,,,,,,,,,,,,
Fkbp11,Up Late,,,,,,,,,,,,,,,,,,,,,,,,
Sdf2l1,Up Late,,,,,,,,,,,,,,,,,,,,,,,,
Dnajb11,Up Late,,,,,,,,,,,,,,,,,,,,,,,,
Cct8,Up Late,,,,,,,,,,,,,,,,,,,,,,,,
Mrpl18,Up Late,,,,,,,,,,,,,,,,,,,,,,,,
Nubp2,Up Late,,,,,,,,,,,,,,,,,,,,,,,,
Mcrip2,Up Late,,,,,,,,,,,,,,,,,,,,,,,,
Srpk1,Up Late,,,,,,,,,,,,,,,,,,,,,,,,
Ppil1,Up Late,,,,,,,,,,,,,,,,,,,,,,,,
Pfdn6,Up Late,,,,,,,,,,,,,,,,,,,,,,,,
Gemin6,Up Late,,,,,,,,,,,,,,,,,,,,,,,,
Txnl4a,Up Late,,,,,,,,,,,,,,,,,,,,,,,,
Eif1ad,Up Late,,,,,,,,,,,,,,,,,,,,,,,,
Znrd2,Up Late,,,,,,,,,,,,,,,,,,,,,,,,
Fen1,Up Late,,,,,,,,,,,,,,,,,,,,,,,,
Cybb,Up Late,,,,,,,,,,,,,,,,,,,,,,,,
Aifm1,Up Late,,,,,,,,,,,,,,,,,,,,,,,,
Timm8a1,Up Late,,,,,,,,,,,,,,,,,,,,,,,,
Nfe2l2,Up Late,,,,,,,,,,,,,,,,,,,,,,,,
S100a11,Up Late,,,,,,,,,,,,,,,,,,,,,,,,
Aff1,Up Late,,,,,,,,,,,,,,,,,,,,,,,,
Orai1,Up Late,,,,,,,,,,,,,,,,,,,,,,,,
Alox5ap,Up Late,,,,,,,,,,,,,,,,,,,,,,,,
Mrgpra2b,Up Late,,,,,,,,,,,,,,,,,,,,,,,,
Ctsd,Up Late,,,,,,,,,,,,,,,,,,,,,,,,
Junb,Up Late,,,,,,,,,,,,,,,,,,,,,,,,
Pde7b,Up Late,,,,,,,,,,,,,,,,,,,,,,,,
Csrp2,Up Late,,,,,,,,,,,,,,,,,,,,,,,,
Hfe,Up Late,,,,,,,,,,,,,,,,,,,,,,,,
Gadd45g,Up Late,,,,,,,,,,,,,,,,,,,,,,,,
Oxr1,Up Late,,,,,,,,,,,,,,,,,,,,,,,,
Cebpd,Up Late,,,,,,,,,,,,,,,,,,,,,,,,
B4galt4,Up Late,,,,,,,,,,,,,,,,,,,,,,,,
Rab18,Up Late,,,,,,,,,,,,,,,,,,,,,,,,
Gda,Up Late,,,,,,,,,,,,,,,,,,,,,,,,
Lamp2,Up Late,,,,,,,,,,,,,,,,,,,,,,,,
Fcgr2b,Up Late,,,,,,,,,,,,,,,,,,,,,,,,
Cers6,Up Late,,,,,,,,,,,,,,,,,,,,,,,,
Id1,Up Late,,,,,,,,,,,,,,,,,,,,,,,,
Grhpr,Up Late,,,,,,,,,,,,,,,,,,,,,,,,
Aldh1b1,Up Late,,,,,,,,,,,,,,,,,,,,,,,,
A430072P03Rik,Up Late,,,,,,,,,,,,,,,,,,,,,,,,
Clec2i,Up Late,,,,,,,,,,,,,,,,,,,,,,,,
Lair1,Up Late,,,,,,,,,,,,,,,,,,,,,,,,
Atf5,Up Late,,,,,,,,,,,,,,,,,,,,,,,,
Bax,Up Late,,,,,,,,,,,,,,,,,,,,,,,,
Pdgfrl,Up Late,,,,,,,,,,,,,,,,,,,,,,,,
Sntb2,Up Late,,,,,,,,,,,,,,,,,,,,,,,,
Gm29585,Up Late,,,,,,,,,,,,,,,,,,,,,,,,
Ifi35,Up Late,,,,,,,,,,,,,,,,,,,,,,,,
Mif4gd,Up Late,,,,,,,,,,,,,,,,,,,,,,,,
Mrpl38,Up Late,,,,,,,,,,,,,,,,,,,,,,,,
Pgs1,Up Late,,,,,,,,,,,,,,,,,,,,,,,,
Gps1,Up Late,,,,,,,,,,,,,,,,,,,,,,,,
Batf,Up Late,,,,,,,,,,,,,,,,,,,,,,,,
Pld4,Up Late,,,,,,,,,,,,,,,,,,,,,,,,
Snx18,Up Late,,,,,,,,,,,,,,,,,,,,,,,,
L3mbtl2,Up Late,,,,,,,,,,,,,,,,,,,,,,,,
Celsr1,Up Late,,,,,,,,,,,,,,,,,,,,,,,,
Mrps34,Up Late,,,,,,,,,,,,,,,,,,,,,,,,
Pmaip1,Up Late,,,,,,,,,,,,,,,,,,,,,,,,
Cdk2ap2,Up Late,,,,,,,,,,,,,,,,,,,,,,,,
Ms4a3,Up Late,,,,,,,,,,,,,,,,,,,,,,,,
D1Ertd622e,Up Late,,,,,,,,,,,,,,,,,,,,,,,,
Npl,Up Late,,,,,,,,,,,,,,,,,,,,,,,,
Gca,Up Late,,,,,,,,,,,,,,,,,,,,,,,,
Pdia3,Up Late,,,,,,,,,,,,,,,,,,,,,,,,
Ufm1,Up Late,,,,,,,,,,,,,,,,,,,,,,,,
Ssr2,Up Late,,,,,,,,,,,,,,,,,,,,,,,,
S100a8,Up Late,,,,,,,,,,,,,,,,,,,,,,,,
S100a9,Up Late,,,,,,,,,,,,,,,,,,,,,,,,
Chil3,Up Late,,,,,,,,,,,,,,,,,,,,,,,,
Tctex1d1,Up Late,,,,,,,,,,,,,,,,,,,,,,,,
Mul1,Up Late,,,,,,,,,,,,,,,,,,,,,,,,
Pmpcb,Up Late,,,,,,,,,,,,,,,,,,,,,,,,
Kdelr2,Up Late,,,,,,,,,,,,,,,,,,,,,,,,
Cycs,Up Late,,,,,,,,,,,,,,,,,,,,,,,,
Med21,Up Late,,,,,,,,,,,,,,,,,,,,,,,,
Tmem147,Up Late,,,,,,,,,,,,,,,,,,,,,,,,
Siglece,Up Late,,,,,,,,,,,,,,,,,,,,,,,,
Mogat2,Up Late,,,,,,,,,,,,,,,,,,,,,,,,
Fdx2,Up Late,,,,,,,,,,,,,,,,,,,,,,,,
Manf,Up Late,,,,,,,,,,,,,,,,,,,,,,,,
Gmppb,Up Late,,,,,,,,,,,,,,,,,,,,,,,,
Slc35b1,Up Late,,,,,,,,,,,,,,,,,,,,,,,,
Cdc6,Up Late,,,,,,,,,,,,,,,,,,,,,,,,
Galk1,Up Late,,,,,,,,,,,,,,,,,,,,,,,,
P4hb,Up Late,,,,,,,,,,,,,,,,,,,,,,,,
Pdia6,Up Late,,,,,,,,,,,,,,,,,,,,,,,,
Spata7,Up Late,,,,,,,,,,,,,,,,,,,,,,,,
Smn1,Up Late,,,,,,,,,,,,,,,,,,,,,,,,
Stab1,Up Late,,,,,,,,,,,,,,,,,,,,,,,,
Tmem273,Up Late,,,,,,,,,,,,,,,,,,,,,,,,
Ly6k,Up Late,,,,,,,,,,,,,,,,,,,,,,,,
Rnd1,Up Late,,,,,,,,,,,,,,,,,,,,,,,,
Carhsp1,Up Late,,,,,,,,,,,,,,,,,,,,,,,,
App,Up Late,,,,,,,,,,,,,,,,,,,,,,,,
Pgp,Up Late,,,,,,,,,,,,,,,,,,,,,,,,
Plin3,Up Late,,,,,,,,,,,,,,,,,,,,,,,,
Clpp,Up Late,,,,,,,,,,,,,,,,,,,,,,,,
Srp19,Up Late,,,,,,,,,,,,,,,,,,,,,,,,